-- phpMyAdmin SQL Dump
-- version 5.2.1
-- https://www.phpmyadmin.net/
--
-- Host: 127.0.0.1
-- Waktu pembuatan: 23 Jun 2026 pada 04.59
-- Versi server: 10.4.32-MariaDB
-- Versi PHP: 8.2.12

SET SQL_MODE = "NO_AUTO_VALUE_ON_ZERO";
START TRANSACTION;
SET time_zone = "+00:00";

--
-- Database: `kulocker`
--

-- --------------------------------------------------------

--
-- Struktur dari tabel `akses_log`
--

CREATE TABLE `akses_log` (
  `id` bigint(20) UNSIGNED NOT NULL,
  `pemesanan_id` int(10) UNSIGNED NOT NULL,
  `user_id` int(10) UNSIGNED NOT NULL,
  `waktu_akses` timestamp NOT NULL DEFAULT current_timestamp(),
  `jenis` enum('buka','tutup') NOT NULL,
  `status` enum('berhasil','gagal') NOT NULL,
  `keterangan` text DEFAULT NULL
) ENGINE=InnoDB DEFAULT CHARSET=utf8mb4 COLLATE=utf8mb4_unicode_ci;

--
-- Dumping data untuk tabel `akses_log`
--

INSERT INTO `akses_log` (`id`, `pemesanan_id`, `user_id`, `waktu_akses`, `jenis`, `status`, `keterangan`) VALUES
(1, 51, 10, '2026-06-22 20:45:28', 'buka', 'berhasil', 'Loker dibuka oleh user'),
(2, 52, 10, '2026-06-22 20:46:02', 'buka', 'berhasil', 'Loker dibuka oleh user'),
(3, 52, 10, '2026-06-22 20:46:09', 'tutup', 'berhasil', 'Loker ditutup oleh user'),
(4, 53, 12, '2026-06-23 00:55:26', 'buka', 'berhasil', 'Loker dibuka oleh user'),
(5, 53, 12, '2026-06-23 00:55:35', 'tutup', 'berhasil', 'Loker ditutup oleh user'),
(6, 54, 10, '2026-06-23 01:34:03', 'buka', 'berhasil', 'Loker dibuka oleh user'),
(7, 54, 10, '2026-06-23 01:35:08', 'tutup', 'berhasil', 'Loker ditutup oleh user'),
(8, 55, 10, '2026-06-23 01:37:01', 'buka', 'berhasil', 'Loker dibuka oleh user'),
(9, 55, 10, '2026-06-23 01:37:09', 'tutup', 'berhasil', 'Loker ditutup oleh user');

-- --------------------------------------------------------

--
-- Struktur dari tabel `keluhan`
--

CREATE TABLE `keluhan` (
  `id` int(10) UNSIGNED NOT NULL,
  `user_id` int(10) UNSIGNED NOT NULL,
  `locker_id` int(10) UNSIGNED DEFAULT NULL,
  `pemesanan_id` int(10) UNSIGNED DEFAULT NULL,
  `judul` varchar(150) NOT NULL,
  `deskripsi` text NOT NULL,
  `status` enum('open','proses','selesai') NOT NULL DEFAULT 'open',
  `created_at` timestamp NOT NULL DEFAULT current_timestamp()
) ENGINE=InnoDB DEFAULT CHARSET=utf8mb4 COLLATE=utf8mb4_unicode_ci;

--
-- Dumping data untuk tabel `keluhan`
--

INSERT INTO `keluhan` (`id`, `user_id`, `locker_id`, `pemesanan_id`, `judul`, `deskripsi`, `status`, `created_at`) VALUES
(1, 10, 4, 50, 'Loker rusak', 'Assalamualaikum admin, loker nya rusak abis saya pukul pake laptop', 'open', '2026-06-22 14:47:28');

-- --------------------------------------------------------

--
-- Struktur dari tabel `keluhan_response`
--

CREATE TABLE `keluhan_response` (
  `id` int(10) UNSIGNED NOT NULL,
  `keluhan_id` int(10) UNSIGNED NOT NULL,
  `admin_id` int(10) UNSIGNED NOT NULL,
  `pesan` text NOT NULL,
  `created_at` timestamp NOT NULL DEFAULT current_timestamp()
) ENGINE=InnoDB DEFAULT CHARSET=utf8mb4 COLLATE=utf8mb4_unicode_ci;

-- --------------------------------------------------------

--
-- Struktur dari tabel `lockers`
--

CREATE TABLE `lockers` (
  `id` int(10) UNSIGNED NOT NULL,
  `kode_loker` varchar(10) NOT NULL COMMENT 'Contoh: A-01',
  `lokasi` varchar(100) NOT NULL COMMENT 'Contoh: Gedung A Lt.2',
  `ukuran` enum('S','M','L') NOT NULL,
  `status` enum('tersedia','terpakai','rusak') NOT NULL DEFAULT 'tersedia',
  `created_at` timestamp NOT NULL DEFAULT current_timestamp(),
  `is_deleted` tinyint(1) DEFAULT 0
) ENGINE=InnoDB DEFAULT CHARSET=utf8mb4 COLLATE=utf8mb4_unicode_ci;

--
-- Dumping data untuk tabel `lockers`
--

INSERT INTO `lockers` (`id`, `kode_loker`, `lokasi`, `ukuran`, `status`, `created_at`, `is_deleted`) VALUES
(1, 'A-01', 'Gedung A Lt.1', 'S', 'tersedia', '2026-06-05 22:52:35', 0),
(2, 'A-02', 'Gedung A Lt.1', 'S', 'tersedia', '2026-06-05 22:52:35', 0),
(3, 'A-03', 'Gedung A Lt.1', 'S', 'tersedia', '2026-06-05 22:52:35', 0),
(4, 'B-01', 'Gedung B Lt.2', 'S', 'rusak', '2026-06-05 22:52:35', 0),
(5, 'B-02', 'Gedung B Lt.2', 'S', 'rusak', '2026-06-05 22:52:35', 0),
(6, 'B-03', 'Gedung B Lt.2', 'S', 'tersedia', '2026-06-05 22:52:35', 0),
(8, 'A-04', 'Gedung A Lt.1', 'S', 'tersedia', '2026-06-23 01:33:32', 0);

-- --------------------------------------------------------

--
-- Struktur dari tabel `notifikasi`
--

CREATE TABLE `notifikasi` (
  `id` bigint(20) UNSIGNED NOT NULL,
  `user_id` int(10) UNSIGNED NOT NULL,
  `judul` varchar(150) NOT NULL,
  `pesan` text NOT NULL,
  `jenis` enum('info','peringatan','pengingat') NOT NULL DEFAULT 'info',
  `is_read` tinyint(1) NOT NULL DEFAULT 0,
  `created_at` timestamp NOT NULL DEFAULT current_timestamp()
) ENGINE=InnoDB DEFAULT CHARSET=utf8mb4 COLLATE=utf8mb4_unicode_ci;

-- --------------------------------------------------------

--
-- Struktur dari tabel `pembayaran`
--

CREATE TABLE `pembayaran` (
  `id` int(10) UNSIGNED NOT NULL,
  `pemesanan_id` int(10) UNSIGNED NOT NULL,
  `jumlah` decimal(10,2) NOT NULL,
  `metode` varchar(50) NOT NULL,
  `status` enum('pending','lunas','gagal') NOT NULL DEFAULT 'pending',
  `bukti` varchar(255) DEFAULT NULL COMMENT 'Path file bukti transfer',
  `created_at` timestamp NOT NULL DEFAULT current_timestamp()
) ENGINE=InnoDB DEFAULT CHARSET=utf8mb4 COLLATE=utf8mb4_unicode_ci;

--
-- Dumping data untuk tabel `pembayaran`
--

INSERT INTO `pembayaran` (`id`, `pemesanan_id`, `jumlah`, `metode`, `status`, `bukti`, `created_at`) VALUES
(43, 43, 0.00, '', 'lunas', NULL, '2026-06-22 08:18:57'),
(44, 44, 0.00, '', 'lunas', NULL, '2026-06-22 08:31:42'),
(45, 45, 0.00, '', 'lunas', NULL, '2026-06-22 08:37:51'),
(46, 46, 0.00, '', 'lunas', NULL, '2026-06-22 08:43:53'),
(47, 47, 0.00, '', 'lunas', NULL, '2026-06-22 08:47:16'),
(48, 48, 0.00, '', 'lunas', NULL, '2026-06-22 08:48:22'),
(49, 49, 0.00, '', 'lunas', NULL, '2026-06-22 12:40:48'),
(50, 50, 0.00, '', 'lunas', NULL, '2026-06-22 14:31:24'),
(51, 51, 0.00, '', 'lunas', NULL, '2026-06-22 15:27:39'),
(52, 52, 0.00, '', 'lunas', NULL, '2026-06-22 20:45:48'),
(53, 53, 0.00, '', 'lunas', NULL, '2026-06-23 00:55:04'),
(54, 54, 0.00, '', 'lunas', NULL, '2026-06-23 01:33:54'),
(55, 55, 0.00, '', 'lunas', NULL, '2026-06-23 01:36:53'),
(56, 56, 0.00, '', 'lunas', NULL, '2026-06-23 02:22:16'),
(57, 57, 0.00, '', 'lunas', NULL, '2026-06-23 02:24:56');

-- --------------------------------------------------------

--
-- Struktur dari tabel `pemesanan`
--

CREATE TABLE `pemesanan` (
  `id` int(10) UNSIGNED NOT NULL,
  `user_id` int(10) UNSIGNED NOT NULL,
  `locker_id` int(10) UNSIGNED NOT NULL,
  `tanggal_mulai` datetime NOT NULL,
  `tanggal_selesai` datetime NOT NULL,
  `status` enum('pending','aktif','selesai','dibatalkan') NOT NULL DEFAULT 'pending',
  `kode_akses` varchar(20) NOT NULL COMMENT 'PIN / token akses',
  `notifikasi_step` enum('belum','15_menit','5_menit','1_menit','terkunci') NOT NULL DEFAULT 'belum',
  `created_at` timestamp NOT NULL DEFAULT current_timestamp()
) ENGINE=InnoDB DEFAULT CHARSET=utf8mb4 COLLATE=utf8mb4_unicode_ci;

--
-- Dumping data untuk tabel `pemesanan`
--

INSERT INTO `pemesanan` (`id`, `user_id`, `locker_id`, `tanggal_mulai`, `tanggal_selesai`, `status`, `kode_akses`, `notifikasi_step`, `created_at`) VALUES
(43, 10, 4, '2026-06-22 16:18:57', '2026-06-22 17:18:57', 'selesai', '521078', 'terkunci', '2026-06-22 08:18:57'),
(44, 10, 2, '2026-06-22 16:31:42', '2026-06-22 17:31:42', 'selesai', '540793', 'terkunci', '2026-06-22 08:31:42'),
(45, 10, 1, '2026-06-22 16:37:51', '2026-06-22 17:37:51', 'selesai', '914854', 'terkunci', '2026-06-22 08:37:51'),
(46, 10, 3, '2026-06-22 16:43:53', '2026-06-22 17:43:53', 'selesai', '311685', 'terkunci', '2026-06-22 08:43:53'),
(47, 11, 6, '2026-06-22 16:47:16', '2026-06-22 17:47:16', 'selesai', '277148', 'terkunci', '2026-06-22 08:47:16'),
(48, 11, 5, '2026-06-22 16:48:22', '2026-06-22 17:07:50', 'selesai', '410381', 'terkunci', '2026-06-22 08:48:22'),
(49, 10, 2, '2026-06-22 20:40:48', '2026-06-22 21:40:48', 'selesai', '519233', 'terkunci', '2026-06-22 12:40:48'),
(50, 10, 4, '2026-06-22 22:31:23', '2026-06-22 23:31:23', 'selesai', '973881', 'terkunci', '2026-06-22 14:31:23'),
(51, 10, 5, '2026-06-22 23:27:39', '2026-06-23 02:27:39', 'selesai', '762803', 'terkunci', '2026-06-22 15:27:39'),
(52, 10, 1, '2026-06-23 04:45:48', '2026-06-23 04:46:09', 'selesai', '982434', 'belum', '2026-06-22 20:45:48'),
(53, 12, 6, '2026-06-23 08:55:04', '2026-06-23 08:55:35', 'selesai', '804043', 'belum', '2026-06-23 00:55:04'),
(54, 10, 8, '2026-06-23 09:33:54', '2026-06-23 09:35:08', 'selesai', '607182', 'belum', '2026-06-23 01:33:54'),
(55, 10, 8, '2026-06-23 09:36:53', '2026-06-23 09:37:09', 'selesai', '374866', 'belum', '2026-06-23 01:36:53'),
(56, 10, 2, '2026-06-23 10:22:16', '2026-06-23 11:22:16', 'selesai', '593737', 'belum', '2026-06-23 02:22:16'),
(57, 10, 8, '2026-06-23 10:24:56', '2026-06-23 11:24:56', 'selesai', '752016', 'belum', '2026-06-23 02:24:56');

-- --------------------------------------------------------

--
-- Struktur dari tabel `pengumuman`
--

CREATE TABLE `pengumuman` (
  `id` int(10) UNSIGNED NOT NULL,
  `judul` varchar(200) NOT NULL,
  `isi` text NOT NULL,
  `kategori` enum('info','peringatan','promo','maintenance') NOT NULL DEFAULT 'info',
  `is_aktif` tinyint(1) NOT NULL DEFAULT 1,
  `created_at` timestamp NOT NULL DEFAULT current_timestamp(),
  `expired_at` datetime DEFAULT NULL
) ENGINE=InnoDB DEFAULT CHARSET=utf8mb4 COLLATE=utf8mb4_general_ci;

--
-- Dumping data untuk tabel `pengumuman`
--

INSERT INTO `pengumuman` (`id`, `judul`, `isi`, `kategori`, `is_aktif`, `created_at`, `expired_at`) VALUES
(1, 'Selamat Datang di KuLocker!', 'Sistem loker pintar Universitas Mataram kini resmi beroperasi.', 'info', 1, '2026-06-18 09:51:38', NULL),
(2, 'Promo Juni 2026', 'Perpanjang sewa loker dan dapatkan diskon 20%!', 'promo', 1, '2026-06-18 09:51:38', NULL),
(3, 'Maintenance Gedung B', 'Loker Gedung B akan maintenance 10 Juni 2026.', 'maintenance', 1, '2026-06-18 09:51:38', NULL),
(4, 'Locker Bakal hadir di Fakultas Teknik', 'Tunggu kami di fakultas teknik', 'info', 1, '2026-06-23 01:49:35', NULL),
(5, 'Locker Bakal hadir di Fakultas Teknik', 'Tunggu kami di fakultas teknik', 'info', 1, '2026-06-23 01:50:05', NULL);

-- --------------------------------------------------------

--
-- Struktur dari tabel `users`
--

CREATE TABLE `users` (
  `id` int(10) UNSIGNED NOT NULL,
  `nama` varchar(100) NOT NULL,
  `email` varchar(150) NOT NULL,
  `password` varchar(255) NOT NULL COMMENT 'bcrypt hash',
  `role` enum('mahasiswa','admin') NOT NULL DEFAULT 'mahasiswa',
  `nim` varchar(20) DEFAULT NULL COMMENT 'Khusus mahasiswa',
  `no_hp` varchar(15) NOT NULL,
  `alamat` varchar(100) NOT NULL,
  `foto_profil` longblob DEFAULT NULL,
  `created_at` timestamp NOT NULL DEFAULT current_timestamp()
) ENGINE=InnoDB DEFAULT CHARSET=utf8mb4 COLLATE=utf8mb4_unicode_ci;

--
-- Dumping data untuk tabel `users`
--

INSERT INTO `users` (`id`, `nama`, `email`, `password`, `role`, `nim`, `no_hp`, `alamat`, `foto_profil`, `created_at`) VALUES
(1, 'Admin KuLocker', 'admin@kulocker.ac.id', '$2y$10$vTinn2VGFqA.DVzASRKdPOCu9GAUfOl4Yq4HlD.Si5ItuCYEhsjze', 'admin', NULL, '081234567890', '', '', '2026-06-05 22:52:35'),
(10, 'Moh. Saqif Dendi Al Fayyed', 'dendi0006@gmail.com', '$2y$10$vTinn2VGFqA.DVzASRKdPOCu9GAUfOl4Yq4HlD.Si5ItuCYEhsjze', 'mahasiswa', 'F1D02410122', '082148192324', 'Kediri', 'u10_6a39361ce9c61.jpg', '2026-06-06 09:02:36'),
(11, 'Denduy', 'nodichannel@gmail.com', '$2y$10$VJ2YZJE3jzQkVNPWEnJNO.rEYSTrLYoIEeOQnHmaplWOS6MHDSY8q', 'mahasiswa', 'F1D02410001', '', '', 'u11_6a3936fbcf680.jpg', '2026-06-07 01:30:19'),
(12, 'Raka Mbojo', 'websitekulocker@gmail.com', '$2y$10$e4Xa3iHTQJpi4Q2BcKY3M.7JFvnmxt702iKaUHuY5RS2J5wu6sgJC', 'mahasiswa', 'F1D02410014', '', '', NULL, '2026-06-23 00:54:38');

--
-- Indexes for dumped tables
--

--
-- Indeks untuk tabel `akses_log`
--
ALTER TABLE `akses_log`
  ADD PRIMARY KEY (`id`),
  ADD KEY `fk_akseslog_pemesanan` (`pemesanan_id`),
  ADD KEY `fk_akseslog_user` (`user_id`);

--
-- Indeks untuk tabel `keluhan`
--
ALTER TABLE `keluhan`
  ADD PRIMARY KEY (`id`);

--
-- Indeks untuk tabel `keluhan_response`
--
ALTER TABLE `keluhan_response`
  ADD PRIMARY KEY (`id`),
  ADD KEY `fk_keluhanresp_keluhan` (`keluhan_id`),
  ADD KEY `fk_keluhanresp_admin` (`admin_id`);

--
-- Indeks untuk tabel `lockers`
--
ALTER TABLE `lockers`
  ADD PRIMARY KEY (`id`),
  ADD UNIQUE KEY `uq_lockers_kode` (`kode_loker`);

--
-- Indeks untuk tabel `notifikasi`
--
ALTER TABLE `notifikasi`
  ADD PRIMARY KEY (`id`),
  ADD KEY `fk_notifikasi_user` (`user_id`);

--
-- Indeks untuk tabel `pembayaran`
--
ALTER TABLE `pembayaran`
  ADD PRIMARY KEY (`id`),
  ADD KEY `fk_pembayaran_pemesanan` (`pemesanan_id`);

--
-- Indeks untuk tabel `pemesanan`
--
ALTER TABLE `pemesanan`
  ADD PRIMARY KEY (`id`),
  ADD KEY `fk_pemesanan_user` (`user_id`),
  ADD KEY `fk_pemesanan_locker` (`locker_id`);

--
-- Indeks untuk tabel `pengumuman`
--
ALTER TABLE `pengumuman`
  ADD PRIMARY KEY (`id`);

--
-- Indeks untuk tabel `users`
--
ALTER TABLE `users`
  ADD PRIMARY KEY (`id`),
  ADD UNIQUE KEY `uq_users_email` (`email`);

--
-- AUTO_INCREMENT untuk tabel yang dibuang
--

--
-- AUTO_INCREMENT untuk tabel `akses_log`
--
ALTER TABLE `akses_log`
  MODIFY `id` bigint(20) UNSIGNED NOT NULL AUTO_INCREMENT, AUTO_INCREMENT=10;

--
-- AUTO_INCREMENT untuk tabel `keluhan`
--
ALTER TABLE `keluhan`
  MODIFY `id` int(10) UNSIGNED NOT NULL AUTO_INCREMENT, AUTO_INCREMENT=2;

--
-- AUTO_INCREMENT untuk tabel `keluhan_response`
--
ALTER TABLE `keluhan_response`
  MODIFY `id` int(10) UNSIGNED NOT NULL AUTO_INCREMENT;

--
-- AUTO_INCREMENT untuk tabel `lockers`
--
ALTER TABLE `lockers`
  MODIFY `id` int(10) UNSIGNED NOT NULL AUTO_INCREMENT, AUTO_INCREMENT=9;

--
-- AUTO_INCREMENT untuk tabel `notifikasi`
--
ALTER TABLE `notifikasi`
  MODIFY `id` bigint(20) UNSIGNED NOT NULL AUTO_INCREMENT;

--
-- AUTO_INCREMENT untuk tabel `pembayaran`
--
ALTER TABLE `pembayaran`
  MODIFY `id` int(10) UNSIGNED NOT NULL AUTO_INCREMENT, AUTO_INCREMENT=58;

--
-- AUTO_INCREMENT untuk tabel `pemesanan`
--
ALTER TABLE `pemesanan`
  MODIFY `id` int(10) UNSIGNED NOT NULL AUTO_INCREMENT, AUTO_INCREMENT=58;

--
-- AUTO_INCREMENT untuk tabel `pengumuman`
--
ALTER TABLE `pengumuman`
  MODIFY `id` int(10) UNSIGNED NOT NULL AUTO_INCREMENT, AUTO_INCREMENT=6;

--
-- AUTO_INCREMENT untuk tabel `users`
--
ALTER TABLE `users`
  MODIFY `id` int(10) UNSIGNED NOT NULL AUTO_INCREMENT, AUTO_INCREMENT=13;

--
-- Ketidakleluasaan untuk tabel pelimpahan (Dumped Tables)
--

--
-- Ketidakleluasaan untuk tabel `akses_log`
--
ALTER TABLE `akses_log`
  ADD CONSTRAINT `fk_akseslog_pemesanan` FOREIGN KEY (`pemesanan_id`) REFERENCES `pemesanan` (`id`) ON UPDATE CASCADE,
  ADD CONSTRAINT `fk_akseslog_user` FOREIGN KEY (`user_id`) REFERENCES `users` (`id`) ON UPDATE CASCADE;

--
-- Ketidakleluasaan untuk tabel `keluhan`
--
ALTER TABLE `keluhan`
  ADD CONSTRAINT `fk_keluhan_locker` FOREIGN KEY (`locker_id`) REFERENCES `lockers` (`id`) ON DELETE SET NULL ON UPDATE CASCADE,
  ADD CONSTRAINT `fk_keluhan_pemesanan` FOREIGN KEY (`pemesanan_id`) REFERENCES `pemesanan` (`id`) ON DELETE SET NULL ON UPDATE CASCADE,
  ADD CONSTRAINT `fk_keluhan_user` FOREIGN KEY (`user_id`) REFERENCES `users` (`id`) ON UPDATE CASCADE;

--
-- Ketidakleluasaan untuk tabel `keluhan_response`
--
ALTER TABLE `keluhan_response`
  ADD CONSTRAINT `fk_keluhanresp_admin` FOREIGN KEY (`admin_id`) REFERENCES `users` (`id`) ON UPDATE CASCADE,
  ADD CONSTRAINT `fk_keluhanresp_keluhan` FOREIGN KEY (`keluhan_id`) REFERENCES `keluhan` (`id`) ON DELETE CASCADE ON UPDATE CASCADE;

--
-- Ketidakleluasaan untuk tabel `notifikasi`
--
ALTER TABLE `notifikasi`
  ADD CONSTRAINT `fk_notifikasi_user` FOREIGN KEY (`user_id`) REFERENCES `users` (`id`) ON DELETE CASCADE ON UPDATE CASCADE;

--
-- Ketidakleluasaan untuk tabel `pembayaran`
--
ALTER TABLE `pembayaran`
  ADD CONSTRAINT `fk_pembayaran_pemesanan` FOREIGN KEY (`pemesanan_id`) REFERENCES `pemesanan` (`id`) ON UPDATE CASCADE;

--
-- Ketidakleluasaan untuk tabel `pemesanan`
--
ALTER TABLE `pemesanan`
  ADD CONSTRAINT `fk_pemesanan_locker` FOREIGN KEY (`locker_id`) REFERENCES `lockers` (`id`) ON UPDATE CASCADE,
  ADD CONSTRAINT `fk_pemesanan_user` FOREIGN KEY (`user_id`) REFERENCES `users` (`id`) ON UPDATE CASCADE;
COMMIT;
